Project,Repo Stars,Contributors,Closed Issues,Bug Title,Data Type,Root Cause,Subcategory,Symptom,Subcategory,Fixing Stratgy
NVIDIA/MatX,1.1k,26,128,[BUG] Conversion issue with matxBf16 and logical > with float literal #630,double,Data Type and Operator Bug,Data Type issue,Error Message,Invalid Casting,Add data type support or change data types
,,,,[BUG] SVDBPI nans emitted #543,"Zeros, NaN",Special Value Bug,Special Value Issue,Wrong output,NaN output,Fix through NaN checkers
,,,,[BUG] `matmul` do not support int32 tensors. · Issue #538 · NVIDIA/MatX · GitHub,int,Data Type and Operator Bug,Data Type issue,Wrong output,Different Data Types,Add data type support or change data types
,,,,[BUG] Sum reduction returns an invalid configuration error #317,float,Data Type and Operator Bug,Operator Issue,Error Message,Unsupported Operator,Custom Kernel Strategies
,,,,[BUG] A simple matx::sum test case failed to compile since this commit #242,float,Data Type and Operator Bug,Data Type issue,Error Message,Unsupported Data Type,Add data type support or change data types
,,,,[BUG] einsum is using too much extra GPU memory #240,float,Environmental Bug,Environmental Issue,Performance Bottleneck,Different Data Types,Add data type support or change data types
,,,,[BUG] matx::argmax returns weird results for tensors that have all-negative elements #197,float,Data Type and Operator Bug,Operator Issue,Wrong output,Between Different Precision Range,Refractor the Operator
,,,,[BUG] matx::argmax returns strange indices when the input has a fractional part. #169,float,Data Type and Operator Bug,Operator Issue,Wrong output,Between Different Precision Range,Refractor the Operator
,,,,[BUG] einsum is not working #167,float,Data Type and Operator Bug,Operator Issue,Wrong output,Between Different Precision Range,Refractor the Operator
,,,,[BUG] matmul throws a CUBLAS_STATUS_INVALID_VALUE exception when passed a permuted view · Issue #142 · NVIDIA/MatX · GitHub,int,Data Type and Operator Bug,Operator Issue,Error Message,Unsupported Operator,Refractor the Operator
,,,,[BUG] Reduce operations give partly wrong results with 3D tensors. #137,tensor float,Data Type and Operator Bug,Operator Issue,Error Message,Different Data Types,Refractor the Operator
,,,,[BUG] matx::matmul can't be performed on tensors created from user-defined pointers #126,tensor float,Data Type and Operator Bug,Data Type issue,Wrong output,Different Data Types,Add data type support or change data types
,,,,[BUG] Tensors created from user-defined pointers cannot be printed #121,tensor float,Data Type and Operator Bug,Data Type issue,Wrong output,Different Data Types,Add data type support or change data types
,,,,[BUG] Unit Test Failure #97,bf16,Data Type and Operator Bug,Data Type issue,Error Message,Unsupported Data Type,Add data type support or change data types
ginkgo-project/ginkgo,385,28,313,NaN Residuals with CUDA GMRES+ParILUT #1486,matrix,Special Value Bug,Special Value Issue,Wrong output,NaN output,Fix through NaN checkers
,,,,HIP 5.6.0 compilation failure #1410,int,Data Type and Operator Bug,Data Type issue,Error Message,Unsupported Data Type,Add data type support or change data types
,,,,Couple Ginkgo tests are failing on NERSC Perlmutter #1292,float,Special Value Bug,Special Value Issue,Error Message,Undefined Computation,Fix through NaN checkers
,,,,make test fails for tests 128 (MPI) and 195 (numerical discrepancy) #1064,float,Precision Bug,Arithmetic Operator,Error Message,Overflow/Underflow,Fix through checkers for overflow/underflow
,,,,Gracefully handle overflows #1112,int,Precision Bug,Arithmetic Operator,Error Message,Overflow/Underflow,Fix through checkers for overflow/underflow
,,,,Throw exception if matrix dimensions at analysis and solve don't match for cuSPARSE generic triangular solve #1138,int,Data Type and Operator Bug,Operator Issue,Error Message,Unsupported Operator,Refractor the Operator
,,,,what is the gko::remove_complex<ValueType>? #1002,Complex,Data Type and Operator Bug,Data Type issue,Error Message,Unsupported Data Type,Add data type support or change data types
,,,,Precision for matmul apply() #741,float,Precision Bug,Round-off/Approximation issue,Wrong output,Different Amounts of Precision,Change the precision of the value
,,,,[Error] inverse-iteration #606,Complex,Data Type and Operator Bug,Data Type issue,Error Message,Unsupported Data Type,Add data type support or change data types
,,,,Adding `remove_complex` to norms in general inside Ginkgo · Issue #547,Complex,Data Type and Operator Bug,Data Type issue,Error Message,Unsupported Data Type,Add data type support or change data types
,,,,Solvers do not preserve the real type of their parameters #423,float,Data Type and Operator Bug,Data Type issue,Wrong output,Different Data Types,Add data type support or change data types
mind-inria/mri-nufft,43,8,27,BART trajectory normalization #107,float,Data Type and Operator Bug,Operator Issue,Wrong output,Between Different Precision Range,Refractor the Operator
cupy,,,,Issue with cupy.random.XORWOW when generating random numbers beyond 2.1 billion #8241,float,Precision Bug,Arithmetic Operator,Error Message,Overflow/Underflow,Change the precision of the value
,,,,cufft call with callback producing CUFFT_INTERNAL_ERROR · Issue #8309 · cupy/cupy · GitHub,float,Data Type and Operator Bug,Data Type issue,Error Message,Unsupported Data Type,Add data type support or change data types
,,,,Operations on float32s underflow when result would be subnormal #8382,float 32,Data Type and Operator Bug,Data Type issue,Error Message,Unsupported Data Type,Add data type support or change data types
,,,,CuPy matrix multiplication is 2.6x slower than NumPy on Jetson AGX Orin · Issue #8151,float,Environmental Bug,Environmental Issue,Performance Bottleneck,CPU Programs,Use mixed precision or change the datatype
,,,,cupy.min() mishandles infinity #8180,"Inf, Out of Range, Special Value",Special Value Bug,Special Value Issue,Error Message,Undefined Computation,Fix through NaN checkers
,,,,`expm` fails to compute matrix exponential of complex matrix · Issue #8205 · cupy/cupy · GitHub,Complex,Data Type and Operator Bug,Data Type issue,Error Message,Unsupported Data Type,Add data type support or change data types
,,,,Typecasting issue #8213 - cupy/cupy · GitHub,float 32,Precision Bug,Casting issue,Wrong output,Before and After casting,Upcasting/Downcasting Strategies
,,,,CUPY sosfilt_zi some SOS coefficients are not supported · Issue #7990,float 32,Precision Bug,Arithmetic Operator,Error Message,Overflow/Underflow,Fix through checkers for overflow/underflow
,,,,Wrong cast in uint * int product · Issue #8120 · cupy/cupy · GitHub,int,Precision Bug,Casting issue,Wrong output,Before and After casting,Upcasting/Downcasting Strategies
,,,,Issue with piecewise log functions in Sympy->Cupy lambdify chain #7872,int,Data Type and Operator Bug,Operator Issue,Error Message,Unsupported Operator,Refractor the Operator
,,,,Raw Kernels with Arrays greater 8GB · Issue #7539 · cupy/cupy · GitHub,int,Precision Bug,Arithmetic Operator,Error Message,Overflow/Underflow,Change the precision of the value
,,,,Fix CI failure with NumPy 1.25 & 1.26 · Issue #7946 · cupy/cupy · GitHub,float,Data Type and Operator Bug,Operator Issue,Wrong output,Between Different Precision Range,Refractor the Operator
,,,,Unexpected NaN in TestBSpline::test_bspline_derivative_jumps · Issue #7665 · cupy/cupy · GitHub,float,Special Value Bug,Special Value Issue,Wrong output,NaN output,Fix through NaN checkers
,,,,Saving and loading sparse matrices fails due to ValueError: Unsupported dtype object · Issue #7667 · cupy/cupy · GitHub,int,Data Type and Operator Bug,Data Type issue,Error Message,Unsupported Data Type,Add data type support or change data types
,,,,Unexpected error while assigning array element #5328,int,Precision Bug,Arithmetic Operator,Error Message,Overflow/Underflow,Fix through checkers for overflow/underflow
,,,,cupy.bincount can give incorrect results on CuPy 12.x with CUB enabled #7698,int,Data Type and Operator Bug,Data Type issue,Wrong output,Different Data Types,Add data type support or change data types
,,,,Performance of random.Generator is poor compared to direct method call · Issue #7515 · cupy/cupy · GitHub,float,Environmental Bug,Environmental Issue,Performance Bottleneck,CPU Programs,Use mixed precision or change the datatype
,,,,cupy.linalg.svd fail to compute svd for large matrix · Issue #7611,float,Data Type and Operator Bug,Operator Issue,Error Message,Unsupported Operator,Refractor the Operator
,,,,Cupy's searchsorted sometimes deviates from numpy's outcome · Issue #7639,float 64,Precision Bug,Round-off/Approximation issue,Wrong output,Different Amounts of Precision,Change the precision of the value
,,,,cupyx.scipy.sparse.linalg.eigsh gives wrong and inconsistent results when solving large k and using large ncv. Loss of orthogonality present.. #7355,float 64,Precision Bug,Round-off/Approximation issue,Wrong output,Different Amounts of Precision,Change the precision of the value
,,,,argmax/argmin wrong for arrays with infinities · Issue #7424 · cupy/cupy · GitHub,"Inf, Out of Range, Special Value",Special Value Bug,Special Value Issue,Wrong output,NaN output,Fix through NaN checkers
,,,,cupy.random.default_rng() leads to incorrect results for binomial distribution #7164,float,Data Type and Operator Bug,Operator Issue,Wrong output,Between Different Precision Range,Refractor the Operator
,,,,CUB reduction mishandles zero-size arrays along axes with nonzero elements · Issue #6937 · cupy/cupy · GitHub,int,Data Type and Operator Bug,Operator Issue,Error Message,Unsupported Operator,Refractor the Operator
,,,,python primitive scalar float fails as jit.rawkernel argument #6940,float 32,Data Type and Operator Bug,Data Type issue,Wrong output,Different Data Types,Add data type support or change data types
,,,,c_nnz overflowing · Issue #6864 · cupy/cupy · GitHub,int,Precision Bug,Arithmetic Operator,Error Message,Overflow/Underflow,Fix through checkers for overflow/underflow
,,,,`cupy.clip` behave differently from NumPy · Issue #6901,int,Data Type and Operator Bug,Operator Issue,Wrong output,Between Different Precision Range,Refractor the Operator
,,,,Cupy prod() does not support tuples. #6792,any numerical dtype,Data Type and Operator Bug,Operator Issue,Error Message,Unsupported Operator,Refractor the Operator
,,,,Difference output for cp.median than for np.median when array with NaNs is provided · Issue #6755 · cupy/cupy · GitHub,NaN,Special Value Bug,Special Value Issue,Wrong output,NaN output,Fix through NaN checkers
,,,,Wrong overflow with matmul of uint16 arrays · Issue #6715 · cupy/cupy · GitHub,int,Data Type and Operator Bug,Data Type issue,Error Message,Unsupported Data Type,Add data type support or change data types
,,,,poly1d with int64 arrays -- unexpected output · Issue #6661 · cupy/cupy · GitHub,int,Precision Bug,Arithmetic Operator,Error Message,Overflow/Underflow,Fix through checkers for overflow/underflow
,,,,Complex number calculations differ from numpy #6662,Complex,Data Type and Operator Bug,Operator Issue,Wrong output,Between Different Precision Range,Refractor the Operator
,,,,einsum indices don't allow np.int #6495,int,Data Type and Operator Bug,Data Type issue,Error Message,Unsupported Data Type,Add data type support or change data types
,,,,custom reduction cuda kernel only processing half elements of the input array · Issue #8419 · cupy/cupy · GitHub,int,Data Type and Operator Bug,Data Type issue,Wrong output,Different Data Types,Add data type support or change data types
,,,,Jump to bottom cupy.asarray/cp.array fails to create from numpy ndarray with structured dtype #6426,any numerical dtype,Environmental Bug,Environmental Issue,Performance Bottleneck,CPU Programs,Use mixed precision or change the datatype
,,,,cupy.asarray/cp.array fails to create from numpy ndarray with structured dtype #6426,float,Data Type and Operator Bug,Data Type issue,Error Message,Unsupported Data Type,Add data type support or change data types
,,,,cupy.nan_to_num does not accept cupy.nan · Issue #6400,NaN,Special Value Bug,Special Value Issue,Wrong output,NaN output,Fix through NaN checkers
,,,,Large array std is different from numpy (CPU) · Issue #6425 · cupy/cupy · GitHub,float,Data Type and Operator Bug,Operator Issue,Wrong output,Between Different Precision Range,Refractor the Operator
,,,,cupy.fill fails to take a zero-dim cupy.ndarray with a different dtype #6437,int,Data Type and Operator Bug,Data Type issue,Error Message,Unsupported Data Type,Add data type support or change data types
,,,,Very slow product for sparse matrices · Issue #6463 · cupy/cupy · GitHub,float,Environmental Bug,Environmental Issue,Performance Bottleneck,CPU Programs,Use mixed precision or change the datatype
,,,,Unable to convert some constants in cupy.jit #620,int,Data Type and Operator Bug,Data Type issue,Error Message,Unsupported Data Type,Add data type support or change data types
,,,,Wrong index calculation in constructing sparse random matrix · Issue #6255 · cupy/cupy · GitHub,float,Precision Bug,Round-off/Approximation issue,Wrong output,Different Amounts of Precision,Change the precision of the value
,,,,Issue of insert value in large matrix bug #5809,float,Data Type and Operator Bug,Operator Issue,Wrong output,Between Different Precision Range,Refractor the Operator
,,,,Random State returning inconsistent results · Issue #5831 · cupy/cupy · GitHub,int,Data Type and Operator Bug,Operator Issue,Wrong output,Between Different Precision Range,Refractor the Operator
,,,,Indexing with assignment between broadcastable arrays is inconsistent with NumPy · Issue #5848 · cupy/cupy · GitHub,int,Data Type and Operator Bug,Operator Issue,Error Message,Unsupported Operator,Refractor the Operator
,,,,nan_to_num: TypeError: Wrong number of arguments #5866,NaN,Data Type and Operator Bug,Operator Issue,Error Message,Unsupported Operator,Refractor the Operator
,,,,ndarray.clip signature does not match NumPy #5909,float,Data Type and Operator Bug,Operator Issue,Wrong output,Between Different Precision Range,Refractor the Operator
,,,,Incorrect output of cupy.logaddexp() #5716,"Inf, Out of Range, Special Value",Special Value Bug,Special Value Issue,Wrong output,NaN output,Fix through NaN checkers
,,,,Hitting a precision limit in cupy.sparse.csr_matrix when using multiply . #5778,int,Precision Bug,Arithmetic Operator,Error Message,Overflow/Underflow,Fix through checkers for overflow/underflow
,,,,Edge cases of compatibility in numpy.eye() #5704,int,Precision Bug,Arithmetic Operator,Error Message,Overflow/Underflow,Fix through checkers for overflow/underflow
,,,,Inconsistent behavior between numpy and cupy when handling shapes in array creation · Issue #5503,matrix,Data Type and Operator Bug,Operator Issue,Wrong output,Between Different Precision Range,Refractor the Operator
,,,,unsafe cast from complex becomes NVRTC compile error #5527,Complex,Data Type and Operator Bug,Data Type issue,Error Message,Invalid Casting,Add data type support or change data types
,,,,Incorrect result from eigsh. #5602,float,Data Type and Operator Bug,Operator Issue,Wrong output,Between Different Precision Range,Refractor the Operator
,,,,JIT: float16 scalar inputs are not inferred correctly · Issue #5346 · cupy/cupy · GitHub,float 16,Precision Bug,Round-off/Approximation issue,Wrong output,Different Amounts of Precision,Change the precision of the value
,,,,Slow sum/mean/max/... matrix operations compared to PyTorch #4896,int,Environmental Bug,Environmental Issue,Performance Bottleneck,CPU Programs,Use mixed precision or change the datatype
,,,,Sparse eigsh works wrong on low-rank matrix · Issue #5001 · cupy/cupy · GitHub,float,Data Type and Operator Bug,Operator Issue,Wrong output,Between Different Precision Range,Refractor the Operator
,,,,`random.choice`: 0 samples from 0 candidates · Issue #4511 · cupy/cupy · GitHub,float,Data Type and Operator Bug,Operator Issue,Wrong output,Between Different Precision Range,Refractor the Operator
,,,,ndimage.map_coordinates performs incorrectly with several order values · Issue #4550 · cupy/cupy · GitHub,float,Precision Bug,Round-off/Approximation issue,Wrong output,Different Amounts of Precision,Change the precision of the value
,,,,cupy.einsum is very slow for elementwise operations #2904,float,Data Type and Operator Bug,Data Type issue,Performance Bottleneck,Data Types,Add data type support or change data types
,,,,Element-wise power of ndarray is not accurate #3302,float,Precision Bug,Round-off/Approximation issue,Wrong output,Different Amounts of Precision,Change the precision of the value
,,,,An Error in lstsq #3274,float,Precision Bug,Arithmetic Operator,Error Message,Overflow/Underflow,Change the precision of the value
,,,,cupy.cuda.memory.OutOfMemoryError: out of memory to allocate #1912,float,Data Type and Operator Bug,Data Type issue,Performance Bottleneck,Data Types,Add data type support or change data types
,,,,TypeError when using cupy.nanstd and cupy.nanvar #2780,float,Data Type and Operator Bug,Data Type issue,Error Message,Unsupported Data Type,Add data type support or change data types
,,,,ValueError when loading .npy using np.load() #3701,float,Data Type and Operator Bug,Data Type issue,Error Message,Unsupported Data Type,Add data type support or change data types
,,,,Unexpected NaN when using big-endian arrays #3652,float,Special Value Bug,Special Value Issue,Wrong output,NaN output,Fix through NaN checkers
,,,,On how to enable users to use TF32 in CuPy #3602,tensor float,Data Type and Operator Bug,Data Type issue,Error Message,Unsupported Data Type,Add data type support or change data types
,,,,cupy.percentile only calculates integer percentiles when the input data is an integer. #3568,int,Data Type and Operator Bug,Data Type issue,Wrong output,Different Data Types,Add data type support or change data types
,,,,Array indexing of sparse matrices #2360,float,Data Type and Operator Bug,Operator Issue,Error Message,Unsupported Operator,Refractor the Operator
,,,,Passing cupy functions into cupyx.scipy.ndimage.filters.generic_filter causes a TypeError #3909,float,Data Type and Operator Bug,Operator Issue,Error Message,Unsupported Operator,Custom Kernel Strategies
,,,,cp.exp(0) should return 1.0 not array(1.0) #4122,float,Data Type and Operator Bug,Operator Issue,Wrong output,Between Different Precision Range,Refractor the Operator
,,,,"Incorrect c type used for 64 bit integer, Windows (effects sort, unique and presumably various other functions) #4121",int,Data Type and Operator Bug,Data Type issue,Wrong output,Different Data Types,Add data type support or change data types
,,,,"cupyx.scipy.sparse missing the @ operator, i.e. __matmul__ and __rmatmul__ #4072",float,Data Type and Operator Bug,Operator Issue,Error Message,Unsupported Operator,Refractor the Operator
,,,,Single-precision sum() over certain axes sometimes deviates from NumPy's outcome #2559,float,Precision Bug,Round-off/Approximation issue,Wrong output,Different Amounts of Precision,Change the precision of the value
,,,,suprising behavior of cupy.array on numpy views with base array of a different dtype #4354,float,Data Type and Operator Bug,Data Type issue,Wrong output,Different Data Types,Add data type support or change data types
,,,,OverflowError: value too large to convert to int #4223,float,Precision Bug,Arithmetic Operator,Error Message,Overflow/Underflow,Fix through checkers for overflow/underflow
,,,,cupyx.scipy.signal.convolve2d: integer overflow when using mixed dtypes · Issue #6047 · cupy/cupy · GitHub,int,Precision Bug,Arithmetic Operator,Error Message,Overflow/Underflow,Fix through checkers for overflow/underflow
,,,,cupyx.scipy.signal.convolve2d yields a JitifyException: Runtime compilation · Issue #5989 · cupy/cupy · GitHub,float,Data Type and Operator Bug,Data Type issue,Error Message,Invalid Casting,Add data type support or change data types
,,,,Issue in cupyx/scipy/ndimage/_spline_prefilter_core.py with min() operation in large arrays for cupyx.scipy.ndimage.map_coordinates · Issue #5537 · cupy/cupy · GitHub,float,Data Type and Operator Bug,Data Type issue,Error Message,Unsupported Data Type,Add data type support or change data types
,,,,cp.array turns some array into nan ? #5320 - cupy/cupy,float,Special Value Bug,Special Value Issue,Wrong output,NaN output,Fix through NaN checkers
,,,,cupy.nanmedian bug report #5315,float,Data Type and Operator Bug,Operator Issue,Wrong output,Between Different Precision Range,Refractor the Operator
,,,,Wrong behavior of cupy.random.Generator.integers #5246,float,Data Type and Operator Bug,Operator Issue,Wrong output,Between Different Precision Range,Refractor the Operator
,,,,CSC matrix constructor bug #5175,float,Data Type and Operator Bug,Operator Issue,Error Message,Different Amounts of Precision,Refractor the Operator
,,,,[Issue] cp.matmul slower than np.matmul ?? · Issue #4891 · cupy/cupy · GitHub,float,Environmental Bug,Environmental Issue,Performance Bottleneck,CPU Programs,Use mixed precision or change the datatype
,,,,The get function of the sparse matrix csr with stream does not give excepted result. #4136 Closed,float,Data Type and Operator Bug,Operator Issue,Wrong output,Between Different Precision Range,Refractor the Operator
,,,,Compilation error with cval=cp.nan in scipy.ndimage.interpolation.shift · Issue #4082 · cupy/cupy · GitHub,float,Special Value Bug,Special Value Issue,Error Message,Undefined Computation,Fix through NaN checkers
,,,,cupy.cumsum unable to cast argument from list to cupy.ndarray in 8.0.0rc1 #3984,float,Data Type and Operator Bug,Data Type issue,Error Message,Invalid Casting,Add data type support or change data types
,,,,Performance issue : cupy is 800 times slower than numpy in linalg.solve() #3931,float,Data Type and Operator Bug,Data Type issue,Performance Bottleneck,Data Types,Add data type support or change data types
,,,,cupy.put behaves differently than numpy.put #3325,float,Data Type and Operator Bug,Data Type issue,Error Message,Unsupported Data Type,Add data type support or change data types
,,,,Lexsort output is incorrect #3232,float,Data Type and Operator Bug,Operator Issue,Wrong output,Between Different Precision Range,Refractor the Operator
,,,,Get segmentation fault with FFT callback function · Issue #5296 · cupy/cupy · GitHub,float,Data Type and Operator Bug,Operator Issue,Error Message,Unsupported Operator,Refractor the Operator
,,,,`cupy.full` makes casting in `safe` rule · Issue #6577,float,Data Type and Operator Bug,Data Type issue,Error Message,Invalid Casting,Add data type support or change data types
,,,,cupy.cumsum() doesn't work in ROCm 5.0 #6517,float,Data Type and Operator Bug,Operator Issue,Error Message,Unsupported Operator,Refractor the Operator
numba/numba: third party,9.6k,318,3674,numba's bug with prange without warning · Issue #9518,any numerical dtype,Data Type and Operator Bug,Operator Issue,Wrong output,Between Different Precision Range,Refractor the Operator
,,,,CUDA: Atomics tests fail with NumPy 1.20 #6965,float,Data Type and Operator Bug,Data Type issue,Error Message,Invalid Casting,Add data type support or change data types
,,,,numpy.arange and numpy.linspace not accurate in numba · Issue #6768,float,Precision Bug,Round-off/Approximation issue,Wrong output,Different Amounts of Precision,Change the precision of the value
,,,,Parallel providing wrong result on some machine but not on other #9582,float,Data Type and Operator Bug,Operator Issue,Wrong output,Between Different Precision Range,Refractor the Operator
,,,,numpy.std() results differ with and without numba #9591,float 32,Data Type and Operator Bug,Data Type issue,Wrong output,Different Data Types,Add data type support or change data types
,,,,Numba confuses float32 and float64 in numpy-array causing compilation failure #9399,float 32,Data Type and Operator Bug,Data Type issue,Error Message,Unsupported Data Type,Add data type support or change data types
,,,,Inconsistent support of log2 · Issue #9414 · numba/numba · GitHub,float,Data Type and Operator Bug,Operator Issue,Wrong output,Between Different Precision Range,Refractor the Operator
,,,,Casting error #9461,float,Special Value Bug,Special Value Issue,Error Message,Undefined Computation,Fix through NaN checkers
,,,,np.isnan false in nopython jit with fastmath · Issue #9383,NaN,Data Type and Operator Bug,Operator Issue,Wrong output,Between Different Precision Range,Refractor the Operator
,,,,cuda.grid(1) returns incorrect value due to signed integer overflow · Issue #9229,int,Precision Bug,Arithmetic Operator,Error Message,Overflow/Underflow,Fix through checkers for overflow/underflow
,,,,ufunc.reduce error if axis is negative · Issue #9282,int,Data Type and Operator Bug,Operator Issue,Error Message,Unsupported Operator,Refractor the Operator
,,,,Numpy Gamma distribution not working in Numba 0.57+ · Issue #9053,float 64,Data Type and Operator Bug,Operator Issue,Wrong output,Between Different Precision Range,Refractor the Operator
,,,,`isinstance` check produces wrong output · Issue #9125,int,Data Type and Operator Bug,Operator Issue,Wrong output,Between Different Precision Range,Refractor the Operator
,,,,segfault (crash) when calling numpy np.isnan repeatedly in nopython parallel function #9167,NaN,Data Type and Operator Bug,Operator Issue,Wrong output,Between Different Precision Range,Refractor the Operator
,,,,`np.angle` returns incorrect type since `0.57.0` · Issue #8949 · numba/numba · GitHub,float,Data Type and Operator Bug,Data Type issue,Wrong output,Different Data Types,Add data type support or change data types
,,,,Numba raises types error despite getting the appropriate types #9025,float 32,Data Type and Operator Bug,Data Type issue,Error Message,Unsupported Data Type,Add data type support or change data types
,,,,np.digitize behaves differently with np.nan when jitted · Issue #8768 · numba/numba · GitHub,any numerical dtype,Data Type and Operator Bug,Operator Issue,Wrong output,Between Different Precision Range,Refractor the Operator
,,,,numba 0.57.0rc1 segfaults: missing ldexpf for np.exp2 on Windows #8898,int,Data Type and Operator Bug,Data Type issue,Error Message,Unsupported Data Type,Add data type support or change data types
,,,,Segfault in np.split with negative axis · Issue #8257 · numba/numba · GitHub,zeros,Data Type and Operator Bug,Operator Issue,Error Message,Unsupported Operator,Refractor the Operator
,,,,"On target cuda, return type of function may not match type given in signature string · Issue #8400 · numba/numba · GitHub",float,Data Type and Operator Bug,Data Type issue,Error Message,Unsupported Data Type,Add data type support or change data types
,,,,Entries in record arrays cannot be flexibly set to zero · Issue #8456,float,Data Type and Operator Bug,Operator Issue,Error Message,Unsupported Operator,Refractor the Operator
,,,,Missing check for failed allocation in nrt.c · Issue #8105,int,Precision Bug,Arithmetic Operator,Error Message,Overflow/Underflow,Fix through checkers for overflow/underflow
,,,,x**(-1) is zero when x is integer #8169,int,Data Type and Operator Bug,Data Type issue,Wrong output,Different Data Types,Add data type support or change data types
,,,,"numpy.argmin(arr, axis=int64), where (arr.ndim > 1), returns passes through the dtype of arr #7853",any numerical dtype,Precision Bug,Arithmetic Operator,Error Message,Overflow/Underflow,Fix through checkers for overflow/underflow
,,,,numba.typed.typeddict.Dict.get returns the default even though the key is present · Issue #7908,int,Precision Bug,Casting issue,Wrong output,Before and After casting,Upcasting/Downcasting Strategies
,,,,Tests using float hashing fail on win32+Py3.10 for 0.55rc1 · Issue #7713,float,Data Type and Operator Bug,Data Type issue,Error Message,Unsupported Data Type,Add data type support or change data types
,,,,CUDA: Division by zero stops the kernel · Issue #7806,int,Special Value Bug,Special Value Issue,Error Message,Undefined Computation,Fix through NaN checkers
,,,,Compilation with `parallel=True` gives garbage results for a very simply parallelizable function · Issue #7578,float,Data Type and Operator Bug,Operator Issue,Wrong output,Between Different Precision Range,Custom Kernel Strategies
,,,,Unexpected behaviour of numpy.linspace within am njitted funciton #7366,float,Data Type and Operator Bug,Operator Issue,Wrong output,Between Different Precision Range,Refractor the Operator
,,,,Loss of functionality in .54 - change in slicing behavior on user defined types #7426,float 64,Data Type and Operator Bug,Data Type issue,Wrong output,Different Data Types,Add data type support or change data types
,,,,Wrongly evaluated equality comparison #7474,float,Data Type and Operator Bug,Operator Issue,Wrong output,Between Different Precision Range,Refractor the Operator
,,,,Typed List indices are cast unsafely #7250,int,Precision Bug,Casting issue,Wrong output,Before and After casting,Upcasting/Downcasting Strategies
,,,,x += x.T and x = x + x.T yield different result. · Issue #6949 · numba/numba · GitHub,int,Data Type and Operator Bug,Operator Issue,Wrong output,Between Different Precision Range,Custom Kernel Strategies
,,,,guvectorize returns different output after upgrading to Numpy 1.20 · Issue #6864,float,Data Type and Operator Bug,Operator Issue,Wrong output,Between Different Precision Range,Refractor the Operator
,,,,np.linalg.solve does not work with complex numbers in Python 3.9 + numba 0.51.2 #6739,Complex,Data Type and Operator Bug,Data Type issue,Error Message,Unsupported Data Type,Add data type support or change data types
,,,,CUDA: Add support for passing tuples to kernels via vectorize · Issue #6563,int,Data Type and Operator Bug,Data Type issue,Error Message,Unsupported Data Type,Add data type support or change data types
,,,,Add back support for atomics that always return the non-NaN values · Issue #5820,float,Special Value Bug,Special Value Issue,Wrong output,NaN output,Fix through NaN checkers
,,,,Issue with vectorize for GPU #5744,int,Data Type and Operator Bug,Data Type issue,Error Message,Unsupported Data Type,Add data type support or change data types
,,,,Could numba support big integers for a * b? · Issue #5642,int,Data Type and Operator Bug,Operator Issue,Wrong output,Between Different Precision Range,Refractor the Operator
,,,,the right way to jit a matrix dot function (why so slow?) · Issue #5391,float 64,Data Type and Operator Bug,Data Type issue,Performance Bottleneck,Data Types,Add data type support or change data types
,,,,Cuda: Using shared memory to add numbers results in overwriting · Issue #4907,int,Data Type and Operator Bug,Operator Issue,Wrong output,Between Different Precision Range,Refractor the Operator
,,,,Round segfaults in cuda jitted function if passed ndigits optional parameter #4668,float,Special Value Bug,Special Value Issue,Wrong output,NaN output,Fix through NaN checkers
,,,,paralled numpy array error: · Issue #4438,float 32,Data Type and Operator Bug,Data Type issue,Error Message,Unsupported Data Type,Add data type support or change data types
,,,,CUDA functions can be compiled but not called with Tuple and UniTuple arguments · Issue #4405,float,Data Type and Operator Bug,Data Type issue,Error Message,Unsupported Data Type,Add data type support or change data types
,,,,Numba CUDA kernels fail when passing 0-size cupy arrays #4140,float,Data Type and Operator Bug,Operator Issue,Error Message,Unsupported Operator,Refractor the Operator
,,,,LoweringError when using sqrt in CUDA · Issue #4000 · numba/numba · GitHub,float,Data Type and Operator Bug,Data Type issue,Error Message,Unsupported Data Type,Add data type support or change data types
,,,,Issue with casting? of types in `set.add()`. · Issue #6621 · numba/numba · GitHub,int,Data Type and Operator Bug,Data Type issue,Error Message,Unsupported Data Type,Add data type support or change data types
tensorflow,,,,Inconsistent Outputs from `tf.linalg.eigh` in XLA-Compiled Model · Issue #62461,float 32,Data Type and Operator Bug,Operator Issue,Wrong output,Between Different Precision Range,Refractor the Operator
,,,,tf.linalg.logdet outputs NaN on positive definite matrixs · Issue #62465,float,Special Value Bug,Special Value Issue,Wrong output,NaN output,Fix through NaN checkers
,,,,Different behaviors of raw_ops.Sigmoid can be observed when jitcompiled=true. #62212,Complex,Data Type and Operator Bug,Data Type issue,Wrong output,Different Data Types,Add data type support or change data types
,,,,mean_absolute_error outputs weird results when input is nan on GPU · Issue #59838,NaN,Special Value Bug,Special Value Issue,Error Message,Undefined Computation,Fix through NaN checkers
,,,,NaN values in tf.reduce_mean + float16 + CPU · Issue #56890,float 16,Precision Bug,Arithmetic Operator,Error Message,Overflow/Underflow,Change the precision of the value
,,,,tf.abs(tf.int32.min) returns a negative value #57514,int,Precision Bug,Round-off/Approximation issue,Wrong output,Different Amounts of Precision,Change the precision of the value
,,,,Inconsistent behavior betweek tf.nn.leaky_relu and keras.layers.LeakyReLU · Issue #55188,"Inf, Out of Range, Special Value",Data Type and Operator Bug,Operator Issue,Wrong output,Between Different Precision Range,Refractor the Operator
,,,,tf.math.is_non_decreasing outputs incorrect result when input is an uint tensor · Issue #62072,int,Precision Bug,Arithmetic Operator,Error Message,Overflow/Underflow,Fix through checkers for overflow/underflow
,,,,Process get killed tensorflow.python.ops.array_ops.tile_one_dimension #59345,int,Precision Bug,Arithmetic Operator,Error Message,Overflow/Underflow,Fix through checkers for overflow/underflow
,,,,tf.image.convert_image_dtype behaves incorrectly on Windows (but fine on MacOS) · Issue #60078,float,Precision Bug,Casting issue,Wrong output,Before and After casting,Upcasting/Downcasting Strategies
,,,,element-wise multiplication overflow with large dimension tensors · Issue #60330,float 32,Precision Bug,Arithmetic Operator,Error Message,Overflow/Underflow,Fix through checkers for overflow/underflow
,,,,tf.keras.backend.eye crash (abort) with large input · Issue #57711,int,Precision Bug,Arithmetic Operator,Error Message,Overflow/Underflow,Fix through checkers for overflow/underflow
,,,,tf.scan has inconsistent result on CPU/GPU #58131,int,Data Type and Operator Bug,Data Type issue,Wrong output,Different Data Types,Add data type support or change data types
,,,,Process get killed when running tensorflow.python.ops.stateful_random_ops._make_1d_state · Issue #59341,int,Precision Bug,Arithmetic Operator,Error Message,Overflow/Underflow,Fix through checkers for overflow/underflow
,,,,tf.nn.weighted_moments outputs NaN when axes=[] and x is complex #46995,Complex,Special Value Bug,Special Value Issue,Wrong output,NaN output,Fix through NaN checkers
,,,,tf.image.non_max_suppression produces wrong results in tf.function when the input is float16. · Issue #54264,float 16,Precision Bug,Round-off/Approximation issue,Wrong output,Different Amounts of Precision,Change the precision of the value
,,,,Different Behavior of tf.raw_ops.Sin+tf.raw_ops.Selu with jit_compile=True · Issue #62269 · tensorflow/tensorflow · GitHub,bf16,Data Type and Operator Bug,Data Type issue,Wrong output,Different Data Types,Add data type support or change data types
,,,,"""No gradients provided"" with GradientDescentOptimizer if not using float variable · Issue #43845",int,Data Type and Operator Bug,Data Type issue,Error Message,Unsupported Data Type,Add data type support or change data types
,,,,TF 2.0 - WARNING - dense_features is casting an input tensor from dtype float64 to the layer's dtype of float32 · Issue #34849 · tensorflow/tensorflow · GitHub,float,Data Type and Operator Bug,Data Type issue,Error Message,Unsupported Data Type,Add data type support or change data types
,,,,Unsupported object type float #37123,float,Data Type and Operator Bug,Data Type issue,Error Message,Unsupported Data Type,Add data type support or change data types
,,,,UpSampling2D doesn't support bfloat16 in TF 2.1 · Issue #36696,bf16,Data Type and Operator Bug,Data Type issue,Error Message,Unsupported Data Type,Add data type support or change data types
,,,,"matmul with large matrices fails with float16, but succeeds with float32 #23861",float 16,Data Type and Operator Bug,Data Type issue,Error Message,Unsupported Data Type,Add data type support or change data types
,,,,tf-nightly: 'bfloat16' in namespace 'Eigen' does not name a type. · Issue #42392,bf16,Data Type and Operator Bug,Data Type issue,Error Message,Unsupported Data Type,Add data type support or change data types
,,,,[TF Lite] TfLiteGpuDelegate Init: CONV_2D: Unsupported data type for float32 tensor · Issue #40357,float 32,Environmental Bug,Environmental Issue,Performance Bottleneck,CPU Programs,Use mixed precision or change the datatype
,,,,"Tensorflow raises exception in eager mode but works in graph mode ""AttributeError: 'float' object has no attribute '_id'"" · Issue #41845",float,Data Type and Operator Bug,Data Type issue,Error Message,Unsupported Data Type,Add data type support or change data types
,,,,TensorFlow 2.2 using tf.float16 executes only on CPU #41783,float 16,Data Type and Operator Bug,Data Type issue,Error Message,Unsupported Data Type,Add data type support or change data types
,,,,compilation of rule '//tensorflow/python:bfloat16_lib' failed when building TF2.2 from source #40742,bf16,Data Type and Operator Bug,Data Type issue,Error Message,Unsupported Data Type,Add data type support or change data types
,,,,C++ compilation of rule '//tensorflow/python:bfloat16_lib' failed · Issue #40688,bf16,Data Type and Operator Bug,Data Type issue,Error Message,Unsupported Data Type,Add data type support or change data types
,,,,GPU delegate not as accurate as NNAPI reference on 16float models on Style Transfer example. tensorflow-lite · Issue #40167,float 16,Precision Bug,Round-off/Approximation issue,Wrong output,Different Amounts of Precision,Change the precision of the value
,,,,Conv3D operations are not using tensor cores with mixed float16 policy · Issue #39985,float 16,Environmental Bug,Environmental Issue,Performance Bottleneck,CPU Programs,Use mixed precision or change the datatype
,,,,Using tf.nn.softmax with tensor of dtype `int321 throws exception - works fine with float32 #39287,float,Data Type and Operator Bug,Data Type issue,Error Message,Unsupported Data Type,Add data type support or change data types
,,,,httpMixed Precision + Gaussian Noise throws data type error float16 / float 32 #38850,float 32,Data Type and Operator Bug,Data Type issue,Error Message,Unsupported Data Type,Add data type support or change data types
,,,,Casting from float32 to uint8 results in wrong value despite being from 0 to 255 · Issue #38381,float 32,Precision Bug,Casting issue,Wrong output,Before and After casting,Upcasting/Downcasting Strategies
,,,,"[tf.keras] Mixed precision policy ""mixed_bfloat16"" not supported in Keras compile · Issue #34782",bf16,Data Type and Operator Bug,Data Type issue,Error Message,Unsupported Data Type,Add data type support or change data types
,,,,TypeError: '>' not supported between instances of 'Nonetype' and 'float' · Issue #36358,float,Data Type and Operator Bug,Operator Issue,Error Message,Unsupported Operator,Refractor the Operator
,,,,AlphaDropout & mixed_float16 - Op has type float32 that does not match type float16 · Issue #35883 · tensorflow/tensorflow · GitHub,float 16,Data Type and Operator Bug,Data Type issue,Error Message,Unsupported Data Type,Add data type support or change data types
,,,,LayerNormalization dtype issues with mixed_precision.Policy('mixed_float16') #35817,float 16,Data Type and Operator Bug,Data Type issue,Error Message,Unsupported Data Type,Add data type support or change data types
,,,,set_floatx('float16') slow to build/compile · Issue #35553,float 16,Data Type and Operator Bug,Data Type issue,Performance Bottleneck,Data Types,Add data type support or change data types
,,,,"I got nan value when I to predict in cpu,this model that I trained it in gpu · Issue #35307",float,Special Value Bug,Special Value Issue,Wrong output,NaN output,Fix through NaN checkers
,,,,tf.math.sigmoid precision issues on GPU #35309,float,Precision Bug,Round-off/Approximation issue,Wrong output,Different Amounts of Precision,Change the precision of the value
,,,,multi-gpu training: tf.compat.v1.scatter_sub() operation throws exception · Issue #30056,float,Data Type and Operator Bug,Operator Issue,Error Message,Unsupported Operator,Refractor the Operator
,,,,tf-gpu 2.3.1 get initial low accuracy compare to tf-gpu 2.1 #44990,float,Environmental Bug,Environmental Issue,Performance Bottleneck,CPU Programs,Use mixed precision or change the datatype
,,,,tf.nn.relu on nan inputs returns zeros on GPU #40072,NaN,Special Value Bug,Special Value Issue,Wrong output,NaN output,Fix through NaN checkers
,,,,NaN loss and accuracy when using MirroredStrategy on multiple GPUs (ROCm) #41657,NaN,Special Value Bug,Special Value Issue,Wrong output,NaN output,Fix through NaN checkers
,,,,`tf.cast` does not preserve requested precision for Python types of float64/int64/complex128 etc · Issue #64548,any numerical dtype,Precision Bug,Casting issue,Wrong output,Before and After casting,Upcasting/Downcasting Strategies
,,,,LinearOperatorInversion gives weird result on GPU for linear operators #59884,float 32,Precision Bug,Round-off/Approximation issue,Wrong output,Different Amounts of Precision,Change the precision of the value
,,,,creating float16 tensors from scalars is not giving the correct results · Issue #60456,float 16,Precision Bug,Round-off/Approximation issue,Wrong output,Different Amounts of Precision,Change the precision of the value
,,,,CUDA_ERROR_NOT_PERMITT...,int,Data Type and Operator Bug,Data Type issue,Error Message,Unsupported Data Type,Add data type support or change data types
,,,,Cast from int32 to float32 changes the value. · Issue #61875,int,Precision Bug,Casting issue,Wrong output,Before and After casting,Upcasting/Downcasting Strategies
,,,,Float32 precision loss causing cross_entropy loss to return incorrect results · Issue #62204 · tensorflow/tensorflow · GitHub,float,Precision Bug,Round-off/Approximation issue,Wrong output,Different Amounts of Precision,Change the precision of the value
,,,,Different Behavior of tf.raw_ops.Cos+tf.raw_ops.Asin with jit_compile=True · Issue #62222 · tensorflow/tensorflow · GitHub,bf16,Precision Bug,Round-off/Approximation issue,Wrong output,Different Amounts of Precision,Change the precision of the value
,,,,tf.cast python float to tf.float64 or tf.complex128 leads to loss of precision · Issue #57779,float 16,Precision Bug,Casting issue,Wrong output,Before and After casting,Upcasting/Downcasting Strategies
,,,,tf.range have accumulate floating point error on CPU #58133,float,Precision Bug,Round-off/Approximation issue,Wrong output,Different Amounts of Precision,Change the precision of the value
,,,,Bug in `tf.autodiff.ForwardAccumulator` for `tf.signal.mdct` · Issue #56737,float 32,Precision Bug,Round-off/Approximation issue,Wrong output,Different Amounts of Precision,Change the precision of the value
,,,,"tf.pow gives some incorrect results on cuda: tf.pow(2.0,13)==8191.996 · Issue #56998 · tensorflow/tensorflow · GitHub",float 32,Data Type and Operator Bug,Arithmetic Operator,Wrong output,Between Different Precision Range,Refractor the Operator
,,,,cannot get high precision arithmetic to work · Issue #53306,float 32,Precision Bug,Casting issue,Wrong output,Before and After casting,Upcasting/Downcasting Strategies
,,,,mixed_precision returns gradient zeros when the model input size is large #52236,mixed precision,Precision Bug,Round-off/Approximation issue,Wrong output,Different Amounts of Precision,Change the precision of the value
,,,,Mixed Precision - Conv3D - error: No algorithm worked! · Issue #46589,mixed precision,Data Type and Operator Bug,Operator Issue,Error Message,Unsupported Operator,Refractor the Operator
,,,,Non exact-zero value for fake quantizer ops · Issue #47193,float 32,Data Type and Operator Bug,Operator Issue,Wrong output,Between Different Precision Range,Refractor the Operator
,,,,Using Orthogonal initializer in dense layer with backend set to fp16 gets stuck · Issue #43928,half precision,Data Type and Operator Bug,Data Type issue,Error Message,Unsupported Data Type,Add data type support or change data types
,,,,segment_reduction_ops_gpu.cu.h error: no instance of overloaded function  tensorflow::min / tensorflow::max  matches the argument list · Issue #60397,int,Data Type and Operator Bug,Operator Issue,Error Message,Unsupported Operator,Refractor the Operator
,,,,GPU and CPU gradients diverge in TF 2.4 for approximate gelu activation · Issue #47724,int,Data Type and Operator Bug,Operator Issue,Error Message,Unsupported Operator,Refractor the Operator
pytorch/pytorch,80.7k,3396,30043,Illegal memory access resulted from pointwise autotuning of a cat-like kernel · Issue #127652,float 32,Precision Bug,Arithmetic Operator,Error Message,Overflow/Underflow,Fix through checkers for overflow/underflow
,,,,The result of aligning default_symmetric_qnnpack_qat_qconfig · Issue #107288 · pytorch/pytorch · GitHub,float,Data Type and Operator Bug,Data Type issue,Wrong output,Different Data Types,Add data type support or change data types
,,,,`torch.cumprod` produces `nan` unexpectedly on GPU · Issue #88556,float,Special Value Bug,Special Value Issue,Wrong output,NaN output,Fix through NaN checkers
,,,,FP16 inference with Cuda 11.1 returns NaN on Nvidia GTX 1660 #58123,float 16,Special Value Bug,Special Value Issue,Wrong output,NaN output,Fix through NaN checkers
,,,,logcumsumexp returns the wrong result in GPU #52213,"Inf, Out of Range, Special Value",Data Type and Operator Bug,Operator Issue,Wrong output,Between Different Precision Range,Refractor the Operator
,,,,Tests fail on A100 GPUs due to inaccurate/differing float values · Issue #52278,float,Precision Bug,Round-off/Approximation issue,Wrong output,Different Amounts of Precision,Change the precision of the value
,,,,nn.linear cpu and cuda result mismatch · Issue #54308,float,Data Type and Operator Bug,Operator Issue,Wrong output,Between Different Precision Range,Refractor the Operator
,,,,LayerNorm issue with cuda #74033,float,Data Type and Operator Bug,Operator Issue,Wrong output,Between Different Precision Range,Refractor the Operator
,,,,Running nn.GroupNorm on CPU and GPU return different results · Issue #54293,float 32,Precision Bug,Round-off/Approximation issue,Wrong output,Different Amounts of Precision,Change the precision of the value
,,,,Same matrix multiplication get different results on CPU and GPU · Issue #116966,float,Precision Bug,Round-off/Approximation issue,Wrong output,Different Amounts of Precision,Change the precision of the value
,,,,`torch.linalg.eigh` fails on GPU · Issue #94772,float,Data Type and Operator Bug,Operator Issue,Error Message,Unsupported Operator,Refractor the Operator
,,,,Inconsistent summation when done before/after conversion to cuda · Issue #75249,float,Precision Bug,Round-off/Approximation issue,Wrong output,Different Amounts of Precision,Change the precision of the value
,,,,Multiply a bfloat16 tensor with a double tensor leads to RuntimeError · Issue #40580 · pytorch/pytorch · GitHub,bf16,Data Type and Operator Bug,Data Type issue,Error Message,Unsupported Data Type,Add data type support or change data types
,,,,nn.functional.interpolate backward in fp16 is extremely slow #48163,float 16,Data Type and Operator Bug,Data Type issue,Performance Bottleneck,Data Types,Add data type support or change data types
,,,,torch.tril_indices returns a float tensor on master · Issue #33651,float,Data Type and Operator Bug,Operator Issue,Error Message,Unsupported Operator,Refractor the Operator
,,,,Regression with explicit type conversion from float to uint8 on gpu devices. · Issue #36807,float,Precision Bug,Casting issue,Wrong output,Before and After casting,Upcasting/Downcasting Strategies
,,,,"Wrong gradient for torch.norm(x, p=float('inf')) when input tensor has non-unique max values · Issue #41779",float,Special Value Bug,Special Value Issue,Wrong output,NaN output,Fix through NaN checkers
,,,,Warnings during compiling: floating-point value does not fit in required integral type · Issue #46391,float,Data Type and Operator Bug,Operator Issue,Error Message,Unsupported Operator,Refractor the Operator
,,,,"median with float64, lot of nans, and dim=1 returns random results in CUDA · Issue #38018 · pytorch/pytorch · GitHub",float,Special Value Bug,Special Value Issue,Wrong output,NaN output,Fix through NaN checkers
,,,,"torch.prod with internal upcasting (fp16 input, dtype=torch.float32 output) produces garbage · Issue #32750",float 16,Data Type and Operator Bug,Operator Issue,Wrong output,Before and After casting,Upcasting/Downcasting Strategies
,,,,torch.norm gives NaN gradient when I input small-value float16 tensor · Issue #43211,float,Special Value Bug,Special Value Issue,Wrong output,NaN output,Fix through NaN checkers
,,,,torch.matmul output contains some nan value for large size fp16 tensors in V100 GPU #45724,float,Special Value Bug,Special Value Issue,Wrong output,NaN output,Fix through NaN checkers
,,,,torch.matmul output contains some nan value for large size fp16 tensors in V100 GPU #45724,float 16,Data Type and Operator Bug,Data Type issue,Error Message,Unsupported Data Type,Add data type support or change data types
,,,,torch.utils.dlpack.from_dlpack causes conversion of CuPy float64 tensor to float 16 · Issue #24213,float 64,Precision Bug,Casting issue,Wrong output,Before and After casting,Upcasting/Downcasting Strategies
,,,,[Bug] mean of gumbelsoftmax output is nan when fp16 · Issue #41663,float 16,Special Value Bug,Special Value Issue,Wrong output,NaN output,Fix through NaN checkers
,,,,torch.nn.functional.layer_norm returns nan for fp16 all 0 tensor #41527,float,Special Value Bug,Special Value Issue,Wrong output,NaN output,Fix through NaN checkers
,,,,"""nan"" behaves differently in CPU and GPU #1810",NaN,Special Value Bug,Special Value Issue,Wrong output,NaN output,Fix through NaN checkers
,,,,inconsistency on GPU and CPU torch.cholesky_inverse(x) #114038,float 64,Data Type and Operator Bug,Operator Issue,Wrong output,Between Different Precision Range,Refractor the Operator
,,,,`torch.native_channel_shuffle` with empty tensor trigger floating point exception. · Issue #121092,float,Special Value Bug,Special Value Issue,Error Message,Undefined Computation,Fix through NaN checkers
,,,,torch C10 half type not compatible with nvidia __half atomicAdd · Issue #125766,half precision,Data Type and Operator Bug,Data Type issue,Error Message,Invalid Casting,Add data type support or change data types
,,,,Bug with loss_parallel when BF16 logits are passed · Issue #130549,bf16,Data Type and Operator Bug,Data Type issue,Error Message,Unsupported Data Type,Add data type support or change data types
,,,,`torch.round` behaves inconsistently when running a traced model · Issue #103465,float,Data Type and Operator Bug,Operator Issue,Wrong output,Between Different Precision Range,Refractor the Operator
,,,,Norm 1 of tensor - bfloat16 - rounding errors? · Issue #92164,bf16,Data Type and Operator Bug,Data Type issue,Error Message,Unsupported Data Type,Add data type support or change data types
,,,,JIT RuntimeError: Expected a value of type 'Tensor' for argument 'input_lengths' but instead found type 'List[int]'. · Issue #121634 · pytorch/pytorch · GitHub,float,Data Type and Operator Bug,Data Type issue,Error Message,Unsupported Data Type,Add data type support or change data types
,,,,Same matrix multiplication get different results on CPU and GPU · Issue #116966,float,Data Type and Operator Bug,Operator Issue,Wrong output,Between Different Precision Range,Refractor the Operator
,,,,`torch.linalg.eigh` fails on GPU and corrupts memory · Issue #105359,float 32,Precision Bug,Round-off/Approximation issue,Wrong output,Different Amounts of Precision,Change the precision of the value
,,,,mean and var overflow on CPU and GPU #44350,float,Precision Bug,Arithmetic Operator,Error Message,Overflow/Underflow,Fix through checkers for overflow/underflow
rapidsai/cudf,8k,239,5354,[BUG] HALF_UP and HALF_EVEN rounding can produce the wrong result for decimal128 · Issue #14210 · rapidsai/cudf · GitHub,decimal,Precision Bug,Round-off/Approximation issue,Wrong output,Different Amounts of Precision,Change the precision of the value
,,,,[BUG] Incorrect precision of floating values are being written to csv · Issue #6418 · rapidsai/cudf · GitHub,float,Precision Bug,Round-off/Approximation issue,Wrong output,Different Amounts of Precision,Change the precision of the value
,,,,[BUG] Casting floating-point to string produces incorrect value for negative zero · Issue #5098 · rapidsai/cudf · GitHub,float,Precision Bug,Casting issue,Wrong output,Before and After casting,Upcasting/Downcasting Strategies
,,,,[BUG] Performing `to_pandas` in `to_json` results in conversion to float columns when there is a null value present · Issue #6429 · rapidsai/cudf · GitHub,NaN,Data Type and Operator Bug,Operator Issue,Wrong output,Between Different Precision Range,Refractor the Operator
,,,,[BUG] row range on window operations can overflow #9672,int,Precision Bug,Arithmetic Operator,Error Message,Overflow/Underflow,Fix through checkers for overflow/underflow
,,,,[BUG] Cast Decimal64 to Decimal128 is really slow · Issue #9597 · rapidsai/cudf · GitHub,decimal,Precision Bug,Casting issue,Performance Bottleneck,Cast Operation,Upcasting/Downcasting Strategies
,,,,[BUG] cudaErrorInvalidValue when creating cudf.Series from float16 CuPy Series #9065,float 16,Data Type and Operator Bug,Data Type issue,Error Message,Unsupported Data Type,Add data type support or change data types
,,,,[BUG] Wrong decimal values after changing data type #9014,float,Precision Bug,Casting issue,Performance Bottleneck,Cast Operation,Upcasting/Downcasting Strategies
,,,,[BUG] Libcudf unary cast returns unexpected results when casting between decimal and int types #7689,decimal,Precision Bug,Casting issue,Performance Bottleneck,Cast Operation,Upcasting/Downcasting Strategies
,,,,"[BUG] Problems converting String dtype Series with ""nan"" to Float (ValueError) · Issue #7488 · rapidsai/cudf · GitHub",NaN,Data Type and Operator Bug,Data Type issue,Error Message,Invalid Casting,Add data type support or change data types
,,,,[BUG] std incorrectly calculated in dask describe calls for specific dataframe values #7402,float,Special Value Bug,Special Value Issue,Wrong output,NaN output,Fix through NaN checkers
,,,,[BUG] OverflowError when trying to replace `inf` values in an integer column · Issue #7284 · rapidsai/cudf · GitHub,int,Precision Bug,Arithmetic Operator,Error Message,Overflow/Underflow,Fix through checkers for overflow/underflow
,,,,[BUG] one_hot_encoding is not handling correctly for cases when data has nan values #7056,NaN,Special Value Bug,Special Value Issue,Wrong output,NaN output,Fix through NaN checkers
,,,,[BUG] HALF_UP and HALF_EVEN rounding can produce the wrong result for decimal128 · Issue #14210 · rapidsai/cudf · GitHub,decimal,Data Type and Operator Bug,Operator Issue,Wrong output,Between Different Precision Range,Refractor the Operator
,,,,[BUG] Converting from floating point types to fixed point types does not consider `NaN` and `inf` · Issue #15883 · rapidsai/cudf · GitHub,float,Special Value Bug,Special Value Issue,Wrong output,NaN output,Fix through NaN checkers
,,,,[BUG] Binary Operations between fixed_point and floating-point not supported · Issue #16090 · rapidsai/cudf · GitHub,float,Data Type and Operator Bug,Data Type issue,Error Message,Unsupported Data Type,Add data type support or change data types
,,,,"[BUG] A column with inf values is being treated as ""object"" dtype instead of ""float"" in cudf.read_csv #6224","Inf, Out of Range, Special Value",Data Type and Operator Bug,Data Type issue,Wrong output,Different Data Types,Add data type support or change data types
,,,,[BUG] cudaErrorInvalidValue when creating cudf.Series from float16 CuPy Series #9065,float 16,Precision Bug,Casting issue,Wrong output,Before and After casting,Upcasting/Downcasting Strategies
huggingface/transformers,129k,2593,14720,"torch.arange use should not use dtype=float for integer ranges, conflicts w/ DS `zero.Init()` · Issue #28685 · huggingface/transformers · GitHub",float 32,Data Type and Operator Bug,Data Type issue,Wrong output,Different Data Types,Add data type support or change data types
,,,,TFGPT2LMHeadModel fp16 support · Issue #8559 · huggingface/transformers · GitHub,float 16,Data Type and Operator Bug,Data Type issue,Error Message,Unsupported Data Type,Add data type support or change data types
,,,,[s2s finetune] huge increase in memory demands with --fp16 native amp #8403,float 16,Data Type and Operator Bug,Data Type issue,Performance Bottleneck,Data Types,Add data type support or change data types
,,,,can only calculate the mean of floating types. Got Bool instead · Issue #7810 · huggingface/transformers · GitHub,float,Data Type and Operator Bug,Data Type issue,Error Message,Unsupported Data Type,Add data type support or change data types
,,,,TFBert activation layer will be casted into float32 under mixed precision policy · Issue #7052 · huggingface/transformers · GitHub,float 32,Precision Bug,Casting issue,Performance Bottleneck,Cast Operation,Upcasting/Downcasting Strategies
,,,,T5 fp16 forward yields nan #4287,float,Special Value Bug,Special Value Issue,Wrong output,NaN output,Fix through NaN checkers
,,,,AlbertModel output is not HalfTensor when using apex fp16 · Issue #3831 · huggingface/transformers · GitHub,float 16,Precision Bug,Casting issue,Wrong output,Before and After casting,Upcasting/Downcasting Strategies
,,,,T5Model in fp16 still yield nan with more complex examples · Issue #4586 · huggingface/transformers · GitHub,float 16,Special Value Bug,Special Value Issue,Wrong output,NaN output,Fix through NaN checkers
,,,,Issue with fp16_opt_level default · Issue #6203 · huggingface/transformers · GitHub,float,Data Type and Operator Bug,Data Type issue,Error Message,Unsupported Data Type,Add data type support or change data types
,,,,T5 fp16 overflow in forward (T5DenseReluDense) · Issue #5651 · huggingface/transformers · GitHub,float 16,Special Value Bug,Special Value Issue,Wrong output,NaN output,Fix through NaN checkers
,,,,T5ForConditionalGeneration fp16 nan loss · Issue #5300 · huggingface/transformers · GitHub,float,Special Value Bug,Special Value Issue,Wrong output,NaN output,Fix through NaN checkers
,,,,[MusicGen] SDPA gives nans/infs during sampling · Issue #30020 · huggingface/transformers · GitHub,bf16,Special Value Bug,Special Value Issue,Wrong output,NaN output,Fix through NaN checkers
rapidsai/cuml,4k,134,1591,[BUG] Integer overflow in Linear Models · Issue #4906 · rapidsai/cuml · GitHub,int,Precision Bug,Arithmetic Operator,Error Message,Overflow/Underflow,Fix through checkers for overflow/underflow
,,,,[BUG]DBSCAN.fit on empty array raise floating point exception and terminate python · Issue #4273 · rapidsai/cuml · GitHub,float,Data Type and Operator Bug,Data Type issue,Error Message,Unsupported Data Type,Add data type support or change data types
,,,,[BUG] Confusion matrix should convert dtype as necessary · Issue #3567 · rapidsai/cuml · GitHub,float,Data Type and Operator Bug,Data Type issue,Error Message,Unsupported Data Type,Add data type support or change data types
,,,,[BUG] Small fp precision failure in linear regression doctest test · Issue #4860 · rapidsai/cuml · GitHub,float,Data Type and Operator Bug,Data Type issue,Error Message,Unsupported Data Type,Add data type support or change data types
,,,,[BUG] Small fp precision failure in linear regression doctest test · Issue #4860 · rapidsai/cuml · GitHub,float,Data Type and Operator Bug,Operator Issue,Wrong output,Between Different Precision Range,Refractor the Operator
,,,,[BUG] Small fp precision failure in linear regression doctest test · Issue #4860 · rapidsai/cuml · GitHub,float,Data Type and Operator Bug,Operator Issue,Wrong output,Between Different Precision Range,Refractor the Operator
,,,,[BUG] Negative R-Squared with Nightly (0.17) · Issue #3305 · rapidsai/cuml · GitHub,float,Data Type and Operator Bug,Operator Issue,Wrong output,Between Different Precision Range,Refractor the Operator
ray,32.1K,990,14647,"[rllib] ValueError: Reward should be finite scalar, got nan (<class 'float'>) · Issue #7853 · ray-project/ray · GitHub",float,Special Value Bug,Special Value Issue,Error Message,Undefined Computation,Fix through NaN checkers
pyvista,2.5k,168,1101,pyvista.add_arrows argument 'mag' producec error when using float · Issue #1010,float,Data Type and Operator Bug,Data Type issue,Error Message,Invalid Casting,Add data type support or change data types
,,,,UniformGrid.points setter not stable - need to deprecate · Issue #713,float,Data Type and Operator Bug,Operator Issue,Error Message,Unsupported Operator,Refractor the Operator
audio,2.4k,216,721,🐛 Bug: SoxEffectsChain returns wrong result for float32 wav · Issue #771 · pytorch/audio · GitHub,float 32,Data Type and Operator Bug,Data Type issue,Wrong output,Different Data Types,Add data type support or change data types
Apache,,,,Softmax raises exception for zero-size tensor on GPU #17792,tensor float,Data Type and Operator Bug,Operator Issue,Error Message,Unsupported Operator,Refractor the Operator
,,,,[Bug][Numpy] MXNet fp16 initialization bug #19118,float 16,Data Type and Operator Bug,Data Type issue,Error Message,Unsupported Data Type,Add data type support or change data types
,,,,train_imagenet.py fails with float16 + alexnet #16239,float 16,Data Type and Operator Bug,Data Type issue,Error Message,Unsupported Data Type,Add data type support or change data types
AMDMIGraphX,170,71,783,python API faults on float16 example where float32 works · Issue #210 · ROCm/AMDMIGraphX · GitHub,float 16,Data Type and Operator Bug,Data Type issue,Error Message,Unsupported Data Type,Add data type support or change data types
fairseq,29.8k,310,3048,--fp16 utlizes significantly higher memory and results in OOM #2907,float 16,Environmental Bug,Environmental Issue,Performance Bottleneck,CPU Programs,Use mixed precision or change the datatype
TensorRT,10.3k,71,3296,fp16 mode takes much more time than fp32 · Issue #572 · NVIDIA/TensorRT · GitHub,float 16,Data Type and Operator Bug,Data Type issue,Performance Bottleneck,Different Data Types,Add data type support or change data types
,,,,FP16 weights out of range error · Issue #420 · NVIDIA/TensorRT · GitHub,float 16,Precision Bug,Arithmetic Operator,Error Message,Overflow/Underflow,Fix through checkers for overflow/underflow
,,,,int8 mode only 5-10% faster than fp16 · Issue #585 · NVIDIA/TensorRT · GitHub,int,Data Type and Operator Bug,Data Type issue,Performance Bottleneck,Different Data Types,Add data type support or change data types
,,,,"Slow 3D convolution on RTX 2070 (by using -fp16, too) · Issue #816 · NVIDIA/TensorRT · GitHub",float 16,Data Type and Operator Bug,Data Type issue,Performance Bottleneck,Different Data Types,Add data type support or change data types
probability,4.2lk,432,748,Lack of tfd.Categorical support on CPU in XLA in float64 · Issue #1127 · tensorflow/probability · GitHub,float 64,Data Type and Operator Bug,Data Type issue,Error Message,Unsupported Data Type,Add data type support or change data types
mmdetection,28.6K,450,6681,"CORNER NET: AssertionError: RandomCenterCropPad needs the input image of dtype np.float32, please set ""to_float32=True"" in ""LoadImageFromFile"" pipeline · Issue #3581 · open-mmlab/mmdetection · GitHub",float 32,Data Type and Operator Bug,Data Type issue,Error Message,Unsupported Data Type,Add data type support or change data types
,,,,faster_rcnn_r50_fpn training one of my own datasets gets loss_bbox=nan problem #3315,float,Special Value Bug,Special Value Issue,Wrong output,NaN output,Fix through NaN checkers
Pytorch Lightning,,,,precision=16' doesn't change GPU memory consumption #3382,float 16,Data Type and Operator Bug,Data Type issue,Performance Bottleneck,Different Data Types,Add data type support or change data types
,,,,Logging loss is extremely large when training with fp16 #2564,float 16,Precision Bug,Round-off/Approximation issue,Wrong output,Different Amounts of Precision,Change the precision of the value
,,,,Load batches as float16? #1876,float 16,Data Type and Operator Bug,Data Type issue,Performance Bottleneck,Different Data Types,Add data type support or change data types
,,,,trainer.test after fp16 training with apex · Issue #2673 · Lightning-AI/pytorch-lightning · GitHub,float 16,Environmental Bug,Environmental Issue,Performance Bottleneck,CPU Programs,Use mixed precision or change the datatype
thrust,4.9k,82,778,"[NV 200636681] Compile Time Failure ""implicit conversion from 'const uint_type' to 'float'"" with Clang 10.0.0/gpgpu/cuda_a on Ubuntu18.04/x86_64 #1268",int,Data Type and Operator Bug,Data Type issue,Error Message,Invalid Casting,Add data type support or change data types
models,76.8k,819,6205,"TypeError: ('Not JSON Serializable:', tf.float32) · Issue #9186 · tensorflow/models · GitHub",float 32,Data Type and Operator Bug,Data Type issue,Error Message,Unsupported Data Type,Add data type support or change data types
,,,,"random_pad_image throwing a ""type int32 that does not match type float32"" error · Issue #2841 · tensorflow/models · GitHub",int,Data Type and Operator Bug,Data Type issue,Error Message,Unsupported Data Type,Add data type support or change data types
,,,,InvalidArgumentError: TypeError: 'numpy.float64' object cannot be interpreted as an integer · Issue #2961 · tensorflow/models · GitHub,float 64,Data Type and Operator Bug,Data Type issue,Error Message,Unsupported Data Type,Add data type support or change data types
,,,,object of type <class 'numpy.float64'> cannot be safely interpreted as an integer · Issue #8576 · tensorflow/models · GitHub,float 64,Data Type and Operator Bug,Data Type issue,Error Message,Unsupported Data Type,Add data type support or change data types
,,,,"TypeError: Expected int32 passed to parameter 'n' of op 'QueueDequeueManyV2', got 1.0 of type 'float' instead. · Issue #8878 · tensorflow/models · GitHub",int,Data Type and Operator Bug,Data Type issue,Error Message,Unsupported Data Type,Add data type support or change data types
gpytorch,3.5k,112,976,float16 support in gpytorch 1.2? #1284,float 16,Precision Bug,Casting issue,Performance Bottleneck,CPU Programs,Upcasting/Downcasting Strategies
stumpy,3.1k,789,434,Add Support for float32 Inputs for gpu_stump #194,float 32,Precision Bug,Arithmetic Operator,Error Message,Overflow/Underflow,Change the precision of the value
spark-rapids,765,73,3681,[BUG] Distinct count of floating point values differs with regular spark #837,float,Special Value Bug,Special Value Issue,Wrong output,NaN output,Fix through NaN checkers
UPIT,134,5,15,Is to_fp16() Implemented Already? · Issue #12 · tmabraham/UPIT · GitHub,float 16,Data Type and Operator Bug,Operator Issue,Error Message,Unsupported Operator,Refractor the Operator
DeepSpeed,33.9k,346,1654,when i disable fp16 ，got error: 'lr_this_step' referenced before assignment. #426,float 16,Precision Bug,Arithmetic Operator,Error Message,Overflow/Underflow,Change the precision of the value
csarofeen/pytorch,26, - ,521,reduction with fp16 cast generates wrong kernel indexing #362,float 16,Precision Bug,Casting issue,Wrong output,Before and After casting,Upcasting/Downcasting Strategies
Paddle,21.8k,931,17176,"""Add bfloat16 data type"" 引起bert fp16 模型训练挂掉 #27205",bf16,Data Type and Operator Bug,Data Type issue,Error Message,Unsupported Data Type,Add data type support or change data types
,,,,Training with fp16 fails due to not registered operator. · Issue #17397 · PaddlePaddle/Paddle · GitHub,float 16,Data Type and Operator Bug,Operator Issue,Error Message,Unsupported Operator,Refractor the Operator
Serving,,,,Performance issue with tf serving QPS and client latency on float16 NWHC data #1589,float,Data Type and Operator Bug,Data Type issue,Performance Bottleneck,Data Types,Add data type support or change data types
onnxruntime,13.6k,648,4084,cumsum and topk float16 support · Issue #4147 · microsoft/onnxruntime · GitHub,float,Data Type and Operator Bug,Data Type issue,Error Message,Unsupported Data Type,Add data type support or change data types
,,,,Loading float16 model fails · Issue #3735 · microsoft/onnxruntime · GitHub,float,Data Type and Operator Bug,Data Type issue,Error Message,Unsupported Data Type,Add data type support or change data types
gpuweb,4.7k,105,1608,Bit preserving floating point conversion expressions #1035,float,Precision Bug,Casting issue,Wrong output,Before and After casting,Upcasting/Downcasting Strategies
,,,,Proposal: Support C99 hex float literals to accurately capture float values · Issue #709,float,Precision Bug,Round-off/Approximation issue,Wrong output,Different Amounts of Precision,Change the precision of the value
,,,,scientific notation is not permitted in float literals (and A-5 problem) · Issue #775,float,Precision Bug,Arithmetic Operator,Error Message,Overflow/Underflow,Change the precision of the value
pymc,8.5k,443,3040,OPVI does not seem to work in float32 #2115,float 32,Data Type and Operator Bug,Data Type issue,Error Message,Unsupported Data Type,Add data type support or change data types
,,,,Cast input data and testvalues to theano.config.floatX #1640,float,Precision Bug,Casting issue,Wrong output,Before and After casting,Upcasting/Downcasting Strategies
three.js,101k,1900,12019,NaN in float texture · Issue #19876 · mrdoob/three.js · GitHub,float,Special Value Bug,Special Value Issue,Wrong output,NaN output,Fix through NaN checkers
AMDVLK,1.7k,17,308,float16 support for Polaris/Baffin ? · Issue #94 · GPUOpen-Drivers/AMDVLK · GitHub,float 16,Precision Bug,Round-off/Approximation issue,Wrong output,Different Amounts of Precision,Change the precision of the value
opencv,77k,1604,8179,YoloV4 error when running fp32: CUDNN_STATUS_BAD_PARAM in function 'convolve' · Issue #17969,float 32,Environmental Bug,Environmental Issue,Performance Bottleneck,CPU Programs,Use mixed precision or change the datatype
wgpu,11.6k,421,1668,copy_buffer_to_buffer with size 0 causes floating point exception on Metal #362,float 32,Precision Bug,Arithmetic Operator,Error Message,Overflow/Underflow,Change the precision of the value
FARM,1.7k,109,402,Regression label float to int conversion bug · Issue #395 · deepset-ai/FARM · GitHub,float,Precision Bug,Casting issue,Wrong output,Before and After casting,Upcasting/Downcasting Strategies
addons,1.7k,204,898,LookAhead + RAdam + mixed_fp16 = apply_gradients() got an unexpected keyword argument 'experimental_aggregate_gradients' #1920,mixed precision,Data Type and Operator Bug,Operator Issue,Error Message,Unsupported Operator,Refractor the Operator
,,,,Failed GPU optimizer test with mixed precision #1942,mixed precision,Data Type and Operator Bug,Data Type issue,Error Message,Unsupported Data Type,Add data type support or change data types
,,,,ValueError for RSquare metric - requested dtype float32 for Tensor with dtype float64 · Issue #1282 · tensorflow/addons · GitHub,float 64,Data Type and Operator Bug,Data Type issue,Error Message,Unsupported Data Type,Add data type support or change data types
onnx,17.3k,300,2445,Add float16 support for cumsum · Issue #2801 · onnx/onnx · GitHub,float 16,Data Type and Operator Bug,Data Type issue,Error Message,Unsupported Data Type,Add data type support or change data types
automl,6.2k,39,735,New mixed_float16 results by a very slow training · Issue #351 · google/automl · GitHub,float 16,Data Type and Operator Bug,Data Type issue,Performance Bottleneck,Data Types,Add data type support or change data types
hoomd-blue,322,93,895,precision of uniform floating point numbers #641,float,Precision Bug,Round-off/Approximation issue,Wrong output,Different Amounts of Precision,Change the precision of the value
blazingsql,1.9k,33,586,[BUG] Union All floats fails with datatype mismatch #668,float,Data Type and Operator Bug,Data Type issue,Error Message,Unsupported Data Type,Add data type support or change data types
xla,2.4k,182,1457,Mixed precision training slower than float32 · Issue #1955 · pytorch/xla · GitHub,float 32,Data Type and Operator Bug,Data Type issue,Performance Bottleneck,Data Types,Add data type support or change data types
,,,,fp16 (not bf16) support #1936 - pytorch/xla · GitHub,float 16,Data Type and Operator Bug,Data Type issue,Error Message,Unsupported Data Type,Add data type support or change data types
djl,4k,116,693,Mx Net Engine truncates float values to integers on systems with a German locale #49,float,Precision Bug,Casting issue,Wrong output,Before and After casting,Upcasting/Downcasting Strategies
faiss,29.5k,450,2144,GpuIndexIVFPQ's quantizer can't use float16 · Issue #860 · facebookresearch/faiss · GitHub,float,Data Type and Operator Bug,Data Type issue,Error Message,Unsupported Data Type,Add data type support or change data types
charm,200,88,2029,Running with fewer PEs than GPUs fails with floating point exception #2754,float,Data Type and Operator Bug,Operator Issue,Error Message,Unsupported Operator,Refractor the Operator
catboost,7.9k,373,1766,CatBoost predict differently -> if float values are rounded to less than 9 decimals when training #1177,float,Precision Bug,Round-off/Approximation issue,Wrong output,Different Amounts of Precision,Change the precision of the value
GPflow,1.8k,77,682,GPFlow-2.0 - issue with default_float and likelihood variance #1244,float 32,Data Type and Operator Bug,Data Type issue,Error Message,Unsupported Data Type,Add data type support or change data types
OpenNMT-py,6.7k,177,1429,fp16 zero division error on multiple GPUs #1724,float 16,Data Type and Operator Bug,Data Type issue,Error Message,Unsupported Data Type,Add data type support or change data types
glslang,2.9k,290,1284,"Extension not supported: GL_NV_gpu_shader5, GL_NV_shader_atomic_fp16_vector · Issue #2076 · KhronosGroup/glslang · GitHub",float,Data Type and Operator Bug,Data Type issue,Error Message,Unsupported Data Type,Add data type support or change data types
maskrcnn-benchmark,2,,8,INVALID_GRAPH : This is an invalid model. Type Error: Type 'tensor(float)' of input parameter (44) of operator (Equal) in node () is invalid. #10,float,Data Type and Operator Bug,Operator Issue,Error Message,Unsupported Operator,Refractor the Operator
nni,13.9k,184,1683,ValueError: Out of range float values are not JSON compliant · Issue #1589 · microsoft/nni · GitHub,float,Special Value Bug,Special Value Issue,Error Message,Undefined Computation,Fix through NaN checkers
xgboost,25.8k,624,4826,Unit test failing due to floating-point fluctuation #5226,float,Precision Bug,Round-off/Approximation issue,Wrong output,Different Amounts of Precision,Change the precision of the value
,,,,gpu_hist integer overflows and OOM issues #6228,int,Precision Bug,Arithmetic Operator,Error Message,Overflow/Underflow,Fix through checkers for overflow/underflow
futhark,2.4k,78,1300,Add break on floating-point exceptions in the repl · Issue #839 · diku-dk/futhark · GitHub,float,Special Value Bug,Special Value Issue,Error Message,Undefined Computation,Fix through NaN checkers
PaddleDetection,,,,What's expected performance float32/float16? · Issue #180 · PaddlePaddle/PaddleDetection · GitHub,mixed precision,Data Type and Operator Bug,Data Type issue,Performance Bottleneck,Data Types,Add data type support or change data types
OMEinsum.jl,178,11,53,error with high precision numbers on GPU #79,double,Precision Bug,Arithmetic Operator,Error Message,Overflow/Underflow,Fix through checkers for overflow/underflow
ludwig,11k,155,759,Difference in accuracy between tensorflow-GPU and tensorflow-CPU with 10x kfold #663,float,Precision Bug,Round-off/Approximation issue,Wrong output,Different Amounts of Precision,Change the precision of the value
perses,178,15,427,Change endstate validation test to use GPU in double precision mode · Issue #657 · choderalab/perses · GitHub,double,Data Type and Operator Bug,Data Type issue,Performance Bottleneck,Data Types,Add data type support or change data types
linux,240,,1859,-Winteger-overflow in drivers/gpu/drm/amd/amdgpu/amdgpu_device.c #1017,int,Precision Bug,Arithmetic Operator,Error Message,Overflow/Underflow,Fix through checkers for overflow/underflow
jax,"29,2k",659,3968,ops.index_add double precision performance on GPUs · Issue #3270 · google/jax · GitHub,double,Environmental Bug,Environmental Issue,Performance Bottleneck,CPU Programs,Use mixed precision or change the datatype
nx,2.5k,95,425,Nx.power/2 on BinaryTensor fails when exponent is negative #199,int,Special Value Bug,Special Value Issue,Wrong output,NaN output,Fix through NaN checkers
Cutlass,,,,minimum() operator in CUTLASS? · Issue #124,float,Data Type and Operator Bug,Operator Issue,Error Message,Unsupported Operator,Refractor the Operator
,,,,Performance on tensor core · Issue #106 · NVIDIA/cutlass · GitHub,tensor float,Data Type and Operator Bug,Data Type issue,Performance Bottleneck,Different Data Types,Add data type support or change data types
cugraph,1.6k,99,1532,[BUG] PageRank Values Miscalculated with Float Weights · Issue #1330 · rapidsai/cugraph · GitHub,float,Data Type and Operator Bug,Operator Issue,Wrong output,Between Different Precision Range,Refractor the Operator
cub,1.7k,48,281,Unable to build with `-D__CUDA_NO_HALF_CONVERSIONS__` · Issue #394 · NVIDIA/cub · GitHub,float,Data Type and Operator Bug,Data Type issue,Error Message,Unsupported Data Type,Add data type support or change data types
CUDA.jl,1.2k,151,795,Integer division error for the product of sparse times empty matrices · Issue #962 · JuliaGPU/CUDA.jl · GitHubes/962,int,Special Value Bug,Special Value Issue,Error Message,Undefined Computation,Fix through NaN checkers
openmm,1.4k,118,2235,Low CustomNonbondedForce calculation accuracy with GPU platforms #2930,double,Precision Bug,Round-off/Approximation issue,Wrong output,Different Amounts of Precision,Change the precision of the value
Oceananigans.jl,927,58,1259,Obscure GPU error when time stepping a model with Julia 1.5 and Oceananigans v0.33.0 #828,float,Data Type and Operator Bug,Operator Issue,Error Message,Unsupported Operator,Refractor the Operator
,,,,Cannot use Forcings with field_dependencies on GPU with Oceananigans v0.39.0 #1010,float,Data Type and Operator Bug,Data Type issue,Error Message,Unsupported Data Type,Add data type support or change data types
verification-classifier,8,9,79,Test verifier accuracy when renditions transcoded by a GPU #9,float,Data Type and Operator Bug,Operator Issue,Wrong output,Between Different Precision Range,Refractor the Operator
pcl,9.7k,523,2269,Inaccurate results with gpu octree search example #3583,float,Data Type and Operator Bug,Data Type issue,Wrong output,Different Data Types,Add data type support or change data types
darknet,21.6k,,2878,How to train YOLOv3_tiny_3l on g4dn.12xlarge 4 GPU (NVIDIA T4) -> *** buffer overflow detected *** #6400,float,Precision Bug,Arithmetic Operator,Error Message,Overflow/Underflow,Fix through checkers for overflow/underflow
Kilosort,431,30,658,learnTemplates: Error in median() using gpuArray/nan when printing status of batch with 0 spikes #231,float,Data Type and Operator Bug,Operator Issue,Error Message,Unsupported Operator,Refractor the Operator
TensorRT-LLM,7.6k,56,997,Error: FP8 quantize Integer divide-by-zero · Issue #1645 · NVIDIA/TensorRT-LLM · GitHub,int,Special Value Bug,Special Value Issue,Error Message,Undefined Computation,Fix through NaN checkers
,,,,"TypeError: a bytes-like object is required, not 'NoneType' when trying to build engine in `float32` precision · Issue #1485 · NVIDIA/TensorRT-LLM · GitHub",float 32,Data Type and Operator Bug,Data Type issue,Error Message,Unsupported Data Type,Add data type support or change data types
,,,,int8 lower performance than fp16 · Issue #1378 · NVIDIA/TensorRT-LLM · GitHub,int,Data Type and Operator Bug,Data Type issue,Performance Bottleneck,Different Data Types,Add data type support or change data types
,,,,LLaVA has low performance in int4 quantization · Issue #1361 · NVIDIA/TensorRT-LLM · GitHub,int,Data Type and Operator Bug,Data Type issue,Performance Bottleneck,Different Data Types,Add data type support or change data types
,,,,Broken output for int4 weight-only quantized version of merged Llama2 70b model with more layers · Issue #1191 · NVIDIA/TensorRT-LLM · GitHub,int,Data Type and Operator Bug,Data Type issue,Error Message,Unsupported Data Type,Add data type support or change data types
,,,,"""High GPU usage leads to NaN values in the encoder output of the T5 model (float16). · Issue #1511 · NVIDIA/TensorRT-LLM · GitHub",float 16,Special Value Bug,Special Value Issue,Wrong output,NaN output,Fix through NaN checkers
,,,,Assertion failed: getMaxInputLen() == modelConfig.getMaxInputLen() with enc_dec with `--context_fmha enable` · Issue #1883 · NVIDIA/TensorRT-LLM · GitHub,int,Data Type and Operator Bug,Data Type issue,Error Message,Unsupported Data Type,Add data type support or change data types
,,,,"t5 model ,the inference result are wrong when the batch size > 1 · Issue #1847 · NVIDIA/TensorRT-LLM · GitHub",int,Data Type and Operator Bug,Data Type issue,Wrong output,Data Types,Add data type support or change data types
,,,,ChatGLM3 quantization with INT8/INT4 Failed #1749,int,Data Type and Operator Bug,Data Type issue,Error Message,Unsupported Data Type,Add data type support or change data types
,,,,Performance for Llama-2-7b in fp8 is lower than benchmark · Issue #1501 · NVIDIA/TensorRT-LLM · GitHub,int,Data Type and Operator Bug,Data Type issue,Performance Bottleneck,Data Types,Add data type support or change data types